"CAMID,C,20","UTM_X,N,19,11","UTM_Y,N,19,11"
CAM408,-0.103889,51.546500
CAM171,-0.106000,51.547700